FID,ACRES,NPA,FID_,NPA_1,Household_,Household1,Bac,Bachelors1,Elem,Proficie_1,Housing_Si,Home_Sales,Violent_Cr,Voter_Part,311_Reques,Age_of_Dea
0,411.1115698,2,0,0,47500,0,47,7,33.33,20.13,1524,295527,8.4,71,42.09,68
1,1155.559009,3,0,0,105303,0,79,4,87.65,84.68,2267,527573,3.47,75,22.28,70
2,332.1384204,4,0,0,212045,87277,90,11,75.61,64.15,3814,1480988,0,87,37.24,0
3,167.0984005,5,0,0,30547,12924,3,7,25.93,13.33,1056,139958,25.91,47,64.12,64
4,403.1170801,6,0,0,32403.85,0,12,6,26.32,18.97,1084,152545,30.05,53,78.07,59
5,548.2084101,7,0,0,250000,0,93,10,90.91,0,5197,1977357,0,85,26.21,84
6,608.2327427,8,0,0,59174,11986,58,11,65.22,66.67,1917,402022,0,77,32.85,85
7,93.53831457,9,0,0,100781,38549,62,11,35.71,0,1532,531657,3.11,79,35.56,0
8,552.5525763,10,0,0,45200,0,26,6,36.47,28.33,1119,335259,18.4,67,63.38,65
9,517.2045284,11,0,0,129900,0,74,7,91.86,77.46,2378,802460,2.84,85,39.51,81
10,164.5758546,12,0,0,35482.14,0,22,6,27.97,22.14,0,83273,9.9,50,13.42,56
11,457.2927333,13,0,0,50913.46,0,43,9,36.94,25.81,1346,333715,7.32,62,31.09,64
12,436.0394584,14,0,0,62114.73,0,39,7,35.05,29.31,1883,199337,2.4,68,32.38,57
13,692.5416129,15,0,0,113175.7,0,54,11,72.41,78.57,2349,360174,0.49,81,55.1,79
14,726.8166763,16,0,0,48241.94,0,27,5,36.89,27.92,1475,169936,6.73,66,37.3,68
15,454.8612713,17,0,0,39818.18,0,19,7,22.07,33.62,1613,159583,11.56,65,50.19,76
16,616.9545521,18,0,0,80903.85,0,79,24,60.92,50.63,3130,894145,0.86,77,27.44,78
17,842.794199,19,0,0,93435.53,0,66,6,82.54,73.47,2314,334194,0,83,50.44,77
18,400.9160535,20,0,0,75555.56,0,58,13,76.34,67.8,1938,283997,0.32,75,23.33,78
19,912.0853841,21,0,0,33368,1411,12,7,29.79,37.5,1422,351641,12.6,58,29.25,55
20,314.1675284,22,0,0,50795,22535,38,8,78.57,0,1123,394846,5.65,76,19.11,59
21,281.089937,23,0,0,21657,3874,14,8,23.4,30.23,1471,187190,1.57,64,38.11,64
22,180.2044638,24,0,0,86458,42906,56,10,43.75,36.36,1493,391435,1.1,77,46.04,80
23,675.7493358,25,0,0,129028,13450,78,5,87.58,87.74,2804,342823,1.63,81,41.39,80
24,1136.257553,26,0,0,84076,42357,44,10,54.67,47.69,2047,218140,2.74,74,1.1,74
25,321.2797767,27,0,0,62723,7564,34,5,55.21,46.67,1546,163870,3.71,74,25.33,65
26,193.9829148,28,0,0,92679,49528,76,17,92.86,85.71,3007,720823,0,86,35.69,81
27,424.1441206,29,0,0,89211,21270,57,11,84.85,76.67,2844,288558,0,80,51.43,79
28,476.7073176,30,0,0,31947,10165,43,9,13.79,13.33,869,410957,21.49,56,14.78,60
29,384.7999333,31,0,0,140250,37813,72,8,89.19,67.5,3061,456127,0,87,47.65,72
30,259.0133569,33,0,0,78980,13955,77,20,56.67,42.11,1908,185500,4.14,58,6.76,0
31,946.0961396,34,0,0,53081,18297,14,7,35.62,32.81,1367,187097,7.36,69,50.5,68
32,2572.286225,35,0,0,71321,10458,40,8,44.9,39.34,2095,304482,3.88,75,2.51,66
33,594.352356,36,0,0,82986,19509,61,6,52.38,42.5,1946,222054,2.16,77,54.91,80
34,243.156969,37,0,0,42443,6909,23,7,24.56,21.43,1104,351436,9.56,67,62.98,68
35,1910.483825,38,0,0,119263,16819,60,8,44.58,29.69,2426,258121,4.95,79,40.44,74
36,679.8682976,39,0,0,57995,13762,36,12,48.03,36.45,1931,180627,1.72,70,41.16,74
37,350.3733066,40,0,0,31583,9241,19,12,36.36,29.33,1435,141909,8.24,59,43.39,64
38,313.416839,41,0,0,58542,9684,36,8,61.11,43.48,1682,154090,2.02,72,57.62,65
39,352.181597,42,0,0,71168,15702,72,9,76.47,66.67,3252,265340,0.37,79,27.08,70
40,357.9974395,43,0,0,99141,41183,66,11,63.27,54.29,3015,539458,0.64,82,33.82,74
41,224.2629167,44,0,0,75451,21747,58,15,75,0,4063,1161891,0.97,75,19.25,74
42,989.0345826,45,0,0,119216,5440,56,5,60.61,59.18,2825,294133,1.48,74,20.73,72
43,286.4485003,46,0,0,35000,6291,32,15,34.29,24.24,1881,188707,2.33,60,35.2,71
44,139.4174101,47,0,0,92105,12987,77,20,57.14,66.67,3383,608625,0.95,71,2.57,77
45,1908.086882,48,0,0,50395,8352,25,7,46.39,42.65,2011,173707,4.39,69,7.41,74
46,1211.90314,49,0,0,62796,20697,34,8,35.4,18.29,1853,189027,2.57,71,18.79,67
47,267.6151296,50,0,0,43594,16029,7,5,25.73,25.29,1524,140556,11.81,60,29.19,68
48,281.8196312,51,0,0,92102,17902,72,9,36.36,50,1643,350402,5.83,70,36.2,71
49,504.0713391,52,0,0,26122,4202,22,10,33.33,25,1337,176286,13.33,55,29.2,62
50,438.347309,53,0,0,42569,7924,15,5,22.49,17.93,1372,139028,20.04,57,35.75,59
51,839.3785328,54,0,0,51522,6325,14,9,33.65,23.23,1219,126167,9.52,59,57.42,62
52,555.1722442,55,0,0,117396,44813,57,12,66.67,40,2173,403289,0.53,80,55.19,78
53,306.2061423,56,0,0,71818,25981,58,13,58.06,55.56,3026,238893,8.33,73,59.44,80
54,167.6382216,57,0,0,34458,4898,24,9,33,33.8,1548,143736,3.91,60,23.59,60
55,218.4470843,58,0,0,53311,8658,17,6,42.11,30.51,1871,195159,19.73,64,26.99,68
56,353.1139082,59,0,0,49795,5535,13,4,32.43,25.61,1545,150270,9.7,60,23.95,61
57,804.7430437,60,0,0,19324,5002,48,12,28.17,31.71,2434,105063,7.55,47,7.71,56
58,301.1293802,61,0,0,56650,23891,42,15,33.33,25.81,1751,187771,9.43,56,36.16,59
59,179.4191908,64,0,0,34750,0,29,8,34.38,18.52,1882,101888,3.2,61,15.25,58
60,361.5532736,65,0,0,59624,9041,74,14,33.33,26.32,1397,0,1.3,60,6.58,62
61,375.3279942,66,0,0,41186,10360,55,10,45.16,31.25,2039,153212,10.45,58,6.98,72
62,98.95237098,67,0,0,62157,8694,64,22,25,27.27,0,137500,2.56,63,3.58,0
63,1269.33898,68,0,0,54192,15115,28,8,45.45,42.05,2119,178314,5.55,62,30.31,56
64,380.5226531,69,0,0,0,0,82,10,90.48,77.78,4178,663857,0,83,19.79,69
65,295.6600515,70,0,0,29523,5809,5,4,21.82,10.71,1203,119310,28.09,65,85.79,76
66,368.339421,71,0,0,50694,9158,13,4,21.35,13.25,1744,137219,13.59,52,14.92,59
67,1163.793591,72,0,0,64703,13883,58,13,45.45,38.81,2324,172829,8.63,67,8.6,69
68,4286.184146,73,0,0,58348,15817,26,6,42.58,40.74,1699,216011,3.04,69,23.61,69
69,340.8308503,75,0,0,121563,29264,69,3,86.75,86.96,4403,314193,1.16,75,6.49,77
70,1307.051195,76,0,0,108409,12264,31,9,53.66,44.23,2493,272663,1.23,70,13.86,66
71,1040.845368,77,0,0,68476,6306,36,6,54.03,36.14,2115,226112,2.53,62,16.56,72
72,634.7082953,78,0,0,79175,6851,38,10,46.05,33.33,2552,233063,0.81,68,26,72
73,73.11838857,79,0,0,26635,6571,10,6,24.24,14.29,0,0,13.81,45,7.17,48
74,690.2959899,80,0,0,52813,13778,56,13,31.11,29.41,1643,139014,1.91,61,7.17,67
75,193.2041547,81,0,0,99948,57012,50,15,55.17,44,2013,204162,2.63,72,27.37,58
76,380.4543237,82,0,0,87005,15230,64,10,58.95,35.23,2797,234178,2.51,65,16.77,54
77,2993.688724,83,0,0,49888,17333,17,8,35.09,25.51,1986,406833,2.75,64,2.2,68
78,2501.539103,84,0,0,68529,28586,7,11,50,33.33,1760,431654,3.45,76,4.14,74
79,275.4940598,85,0,0,31222,11108,9,7,17.5,10.34,1029,100111,16.66,54,75.13,65
80,99.04052902,86,0,0,28362,9504,33,9,28.24,22.99,890,203844,6.25,53,19.34,55
81,195.7903848,87,0,0,51719,26219,22,8,45.45,23.53,1342,309635,14.39,71,39.55,72
82,429.5374971,88,0,0,40000,14881,8,7,27.27,32.76,1013,99500,16.87,63,77.45,69
83,237.6163167,89,0,0,44291,17181,14,9,31.67,31.48,1394,161585,0.66,71,50.73,69
84,249.7738487,90,0,0,38672,9832,24,7,48,44,1371,244394,15.75,64,31.92,77
85,283.0594418,91,0,0,55795,16422,17,5,33.33,39.44,1509,163904,3.37,68,49.18,61
86,269.9489108,92,0,0,70046,11162,56,8,47.37,16.67,0,222214,2.83,62,3.51,62
87,590.9152015,93,0,0,42162,11833,36,10,24.14,12.82,0,0,4.6,49,8.35,62
88,656.5202747,94,0,0,35409,6346,5,3,26,25.58,1139,123083,4.91,60,65.19,71
89,443.6429405,95,0,0,72788,18511,46,12,47.37,40.43,1743,215217,3.67,65,31.35,58
90,728.8333216,96,0,0,69041,9682,44,8,35.51,33.87,1597,188548,4.5,65,18.81,63
91,547.0515308,97,0,0,58768,5456,39,7,45.76,42.31,1886,196080,0.5,70,28.59,70
92,1615.349138,98,0,0,49803,13974,27,8,48.47,40.44,2034,179136,1.37,69,32.17,63
93,396.7626327,99,0,0,65300,15504,31,6,58.93,40.43,1895,253719,4.03,77,59.67,73
94,725.2745359,100,0,0,36012,6120,19,10,34.92,25,1412,135026,15.26,62,62.34,70
95,126.4286275,101,0,0,26750,4769,4,3,23.28,13.21,1302,184500,8.73,54,13.29,63
96,196.9758048,102,0,0,40156,23031,11,7,29.31,28.95,1212,139022,14.38,57,35.12,63
97,135.7230049,103,0,0,31914,6899,15,7,17.98,24.14,1209,111864,14.4,56,22.89,59
98,221.7287484,105,0,0,118015,12989,74,8,51.61,32.43,2002,307543,0.51,74,11.72,66
99,151.8079161,106,0,0,29540,5258,39,18,23.08,24,1501,315143,12.53,43,13.23,72
100,162.8734008,107,0,0,44266,2733,27,12,46.36,43.12,1530,153337,3.18,55,4.14,60
101,575.6025565,108,0,0,60086,10610,46,18,42,46.88,1838,198120,0,73,26.49,70
102,1466.274621,109,0,0,125221,58998,61,6,49.09,42.5,3290,446000,5.73,80,14.33,78
103,1545.729903,110,0,0,58625,18065,39,11,45.45,30.43,2271,321047,2.63,77,18.99,73
104,765.6522505,111,0,0,84250,10645,43,7,43.5,33.1,2576,281100,2,71,28.9,67
105,1639.207533,112,0,0,64279,38117,34,11,38.81,30.36,2138,203426,0.57,73,9.3,70
106,1339.858718,113,0,0,65436,14447,25,6,35.05,28.02,1703,185366,3.87,73,45.94,69
107,654.5859117,114,0,0,28981,4992,16,9,14.06,17.5,911,82600,10.24,53,29.71,61
108,720.3941058,115,0,0,129390,19147,73,6,77.89,83.12,3004,403367,0,77,18.61,75
109,3672.16643,116,0,0,65119,9100,31,4,38.71,29.01,2037,300598,0,70,14.23,67
110,1002.531693,117,0,0,52092,3813,33,9,46.05,27.98,1992,177578,3.78,69,43.67,59
111,319.6927652,118,0,0,81985,51428,58,12,67.92,85.71,2696,452611,0,84,35.41,71
112,1021.121677,119,0,0,42273,25123,3,3,49.06,40,1600,186565,3.18,73,40.3,73
113,385.1183342,120,0,0,28548,6943,17,9,22.09,16.07,1141,127265,13.42,62,41.92,64
114,462.3572216,121,0,0,38792,10877,25,10,28.8,22.41,1227,146553,5.97,61,47.78,65
115,1227.211828,123,0,0,29255,6850,33,10,21.88,27.59,1472,139860,8.02,71,52.63,75
116,707.6830618,124,0,0,19117.65,0,7,6,27.59,13.79,1148,130083,42.13,57,73.14,68
117,1031.599665,125,0,0,43295,7784,19,10,30.56,29.84,1462,161104,8.5,63,48.01,61
118,140.5013617,126,0,0,47578,15802,47,10,15.15,31.82,2222,320713,4.46,76,11.98,53
119,450.9835065,127,0,0,31887,3977,19,7,35.92,30,1593,180000,12.17,54,24.61,76
120,269.2901256,128,0,0,34113,8172,12,6,30.63,26.47,1107,173217,11.7,53,43.51,64
121,485.0607819,129,0,0,103375,21423,67,8,86.44,87.18,2591,340100,0.46,84,48.59,72
122,4494.329265,130,0,0,125313,30021,53,7,77.5,88.24,3361,473136,0,79,2.59,76
123,270.2344189,131,0,0,80633,26502,43,10,37.84,48.75,1635,187011,1.82,74,46.45,70
124,188.6131978,132,0,0,64205,51476,53,15,46.15,33.33,1255,327024,3.68,74,55.33,60
125,158.5393806,133,0,0,83984,24399,79,15,73.08,65,2517,441981,0.85,79,34.47,75
126,115.5514725,134,0,0,32000,20728,38,24,34,33.33,1600,171676,7.56,62,32.58,70
127,141.201408,135,0,0,35284,10006,15,6,20.54,25.88,0,75636,10.63,46,12.76,62
128,704.0601205,136,0,0,97180,14728,63,5,61.9,52.63,2134,242178,1.7,77,30.5,66
129,734.4749521,137,0,0,50734,19117,9,9,36.36,39.44,1584,163434,8.45,66,35.52,68
130,508.7531538,138,0,0,0,0,6,6,24.47,23.64,1144,130750,61.62,60,66.75,61
131,645.1627968,139,0,0,32388,24394,21,13,25,31.25,1291,140355,15.41,64,66.38,58
132,1054.923943,140,0,0,46771,5243,19,6,37.25,32.32,1495,144920,8.59,72,49.76,71
133,681.1899202,141,0,0,40630,16489,6,5,20.69,19.35,1123,124179,30.86,57,63.83,62
134,445.6159257,142,0,0,47553,6321,36,9,24.44,28.57,1227,126462,5.41,58,32.65,67
135,293.7205498,143,0,0,108984,33459,75,11,69.81,100,3204,483961,0,87,51.2,80
136,245.883367,144,0,0,36520,6234,34,8,36.73,22.47,1584,198238,0.9,60,17.76,73
137,520.1782968,145,0,0,52417,11408,16,7,30.3,27.27,1500,137377,3.41,68,9.02,69
138,439.8118902,146,0,0,65227,11935,17,7,45.61,35.94,2003,205630,6.26,73,41.5,74
139,465.9591838,147,0,0,41023,9688,31,9,31.43,38.03,1701,124134,5.46,64,37.6,66
140,598.3466248,148,0,0,122500,33677,75,7,85.86,76.6,3091,456643,0,80,36.78,75
141,277.6844526,149,0,0,92143,21983,66,11,83.33,82.35,2492,271762,1.01,77,10.11,71
142,563.5719765,150,0,0,50368,9674,33,9,36,24.32,1547,187593,7.85,67,53.95,69
143,535.2691026,151,0,0,112661,19500,67,8,69.1,70.89,2807,352551,0.54,76,27.93,82
144,594.3787654,152,0,0,58646,28969,33,13,20,31.58,1847,195500,1.09,68,48.75,69
145,815.244837,153,0,0,111118,17697,54,8,62.5,39.67,2863,305125,2.3,74,33.29,73
146,735.4089764,154,0,0,104741,3708,62,13,53.64,43.16,2286,240987,1.61,76,28.58,65
147,1247.419255,155,0,0,53806,3745,44,5,35.48,22.62,1841,190693,3.09,64,31.37,73
148,1193.491583,156,0,0,75208,14815,32,10,36.03,38.97,1900,183794,2.75,71,29.79,63
149,571.7488023,157,0,0,31111,8834,19,12,14.89,18.18,1144,301050,35.88,39,26.88,64
150,1276.784018,158,0,0,52903,7649,21,5,22.41,28.19,1377,147282,8.94,65,44.36,62
151,490.3081519,159,0,0,26192,7125,5,6,31.34,13.79,1078,107727,9.39,61,68.64,72
152,778.302625,160,0,0,44594,6425,17,7,27.2,19.39,1317,167420,11.43,66,65.28,66
153,298.2758397,161,0,0,44970,16654,41,8,30.91,39.76,3784,628333,4.05,58,10.36,46
154,367.9617587,162,0,0,50379,15847,25,7,35.51,32.84,1304,146287,3.04,68,47.52,60
155,174.0703,163,0,0,55521,18539,56,6,36,52.63,1914,418250,13.15,75,32.15,65
156,643.0026601,164,0,0,33134.06,0,16,5,23.45,16.9,1410,207314,18.29,59,23.57,69
157,180.5900913,165,0,0,39135,8548,24,16,45.38,14.71,1560,165929,12.48,53,23.3,49
158,154.0615957,166,0,0,51736,17408,44,22,44.44,27.5,1728,122500,12.61,65,17.89,58
159,183.8580879,167,0,0,30086,8240,30,14,52,31.58,1716,174000,11.89,55,23.51,65
160,228.2570996,168,0,0,40391,10979,18,9,33.33,12.28,1279,127355,11.69,69,53.92,63
161,244.6649199,169,0,0,126597,20732,76,7,72.37,73.02,2943,285260,0,68,12.25,61
162,475.4199063,170,0,0,122604,20490,57,10,80.77,78.31,2982,350315,1.13,80,24.2,66
163,287.7157472,171,0,0,74479,25960,58,9,48.28,36,2974,407875,7.43,69,25.44,75
164,943.5142032,172,0,0,140547,25910,75,8,82.14,86.01,3055,402235,0.22,79,12.52,67
165,381.4880882,173,0,0,38963,17288,5,6,35.82,33.93,1328,130417,3.32,65,51.41,58
166,3216.562703,174,0,0,77025,27314,22,11,46.84,25.97,1781,226064,5.08,71,30.14,74
167,522.472475,175,0,0,104799,25163,65,9,65.96,80.56,2491,369690,0,83,51.35,71
168,477.2291786,176,0,0,93713,11398,56,7,76.42,73.83,2486,339765,0.32,80,32.69,78
169,506.9377738,177,0,0,122337,22123,47,11,83.02,68.57,2788,437860,0.97,81,45.6,82
170,2043.256829,178,0,0,78101,5260,72,9,51.52,27.27,1589,270538,4.34,68,10.69,58
171,502.2641343,179,0,0,139696,49467,70,11,83.33,100,2593,679943,0.53,84,44.41,79
172,299.3316304,180,0,0,44943,16053,17,10,40,19.35,1499,168091,6.43,68,44.6,72
173,1052.373545,181,0,0,82228,17839,59,6,58.93,69.81,3413,421201,0.35,78,42.87,75
174,217.8564782,182,0,0,26914,11990,11,7,26.09,16,1217,182208,21.37,67,73.65,66
175,225.7583262,183,0,0,49219,26240,26,20,38.14,24.56,1488,149833,4.41,62,31.86,58
176,233.8681837,184,0,0,119792,25588,83,10,92.31,68.75,1618,549071,1.29,81,40.18,75
177,134.0333199,185,0,0,43609,4737,38,7,25.97,32.91,0,0,7.37,46,7.7,55
178,635.7671483,186,0,0,52429,6980,24,6,39.36,36.9,1471,168242,5.7,68,47.07,75
179,156.5255846,187,0,0,107350,35889,55,8,76.6,81.08,2730,350833,0.85,72,20.6,62
180,364.7383591,188,0,0,100040,28924,63,9,76.04,66.67,2804,399535,0,71,17.74,62
181,82.06445339,189,0,0,82167,17334,56,7,68.57,73.53,4185,718667,1.9,58,8.25,61
182,666.8135243,190,0,0,0,0,19,16,26.6,23.38,1088,134732,22.68,57,60.21,64
183,424.4167397,191,0,0,55156,9990,49,8,47.69,41.94,2010,196394,1.68,74,30.94,64
184,1414.10479,192,0,0,76629,10923,48,6,56.57,40.51,2448,231586,3.02,73,20.98,71
185,305.0274204,193,0,0,76447,26319,62,8,88.89,100,2772,656485,0,84,29.33,74
186,738.3648828,194,0,0,176667,13439,81,7,80.29,78.86,3989,743520,0,82,24.81,75
187,1123.571203,195,0,0,51014,9711,50,9,41.77,31.63,2565,247185,1.25,73,13.46,74
188,982.0288778,196,0,0,55484,12474,29,9,39.02,32,1941,194658,6.47,66,37.19,62
189,332.2052268,197,0,0,45963,5943,21,5,50.41,30.43,1829,129395,4.09,65,32.23,66
190,327.306671,198,0,0,56000,28684,62,14,62.5,63.16,2821,468810,1.85,76,34.12,85
191,384.3038308,199,0,0,31083,8421,14,7,24.86,17.39,1576,137196,20.23,48,26.11,57
192,89.74915026,200,0,0,38317,15723,36,15,14.29,14.81,0,234375,13.38,62,8.58,0
193,851.5362997,201,0,0,194514,28293,77,13,63.16,60,4102,753591,0.33,82,23.07,76
194,255.403348,202,0,0,36064,10797,16,6,36.36,28,1478,180743,5.62,59,35.39,55
195,586.7114798,203,0,0,80694,9936,46,12,55.91,39.73,2306,270868,2.22,74,33.38,68
196,253.0038262,204,0,0,101078,26760,58,12,76.36,70.18,2373,307086,3.15,77,22.78,47
197,353.6554661,205,0,0,183036,21397,75,10,89.13,93.94,3687,718452,0,84,36.11,72
198,136.4550521,206,0,0,90045,10729,77,8,79.49,73.33,2304,402560,2.67,74,27.92,66
199,509.0597205,207,0,0,55878,9994,65,6,27.27,28,2439,267758,3,62,6.25,61
200,512.2507436,208,0,0,250000,0,91,9,79.03,92.16,3788,1218329,0,88,33.06,69
201,843.6725045,209,0,0,68125,8642,44,9,46.62,37.4,1982,197250,3.2,73,24.81,66
202,173.4611632,210,0,0,64394,19370,73,9,55.56,50,3094,436867,1.34,74,11.97,70
203,556.8899358,211,0,0,64792,12544,42,11,27.84,27.47,1883,188371,2.81,71,51.2,66
204,534.1068036,212,0,0,39583,16455,26,9,20.55,17.86,1877,146579,15.59,61,48.34,68
205,323.0331027,213,0,0,104385,18634,60,13,55.56,80,1953,443544,0.7,83,40.25,90
206,306.442293,215,0,0,176484,102118,88,13,95.65,90.91,3842,770529,0,87,51.64,84
207,208.0065466,216,0,0,117417,32205,75,10,86.96,69.23,3476,781942,1.17,76,32.39,83
208,424.8109051,217,0,0,148938,16321,69,5,83.87,85,3520,845980,0,84,43.48,77
209,513.4725099,218,0,0,74200,6230,51,10,56.6,42.11,2120,202321,1.91,75,40.54,70
210,1127.438476,219,0,0,27344,4592,52,11,24.24,25,1777,197638,11.38,52,13.72,50
211,438.4414091,220,0,0,45625,18085,18,7,41.56,28.33,1440,167565,2.9,71,26.2,71
212,423.4742765,221,0,0,41496,6909,45,13,41.49,29.03,2023,191894,8.61,64,21.37,58
213,316.1490907,222,0,0,121683,14572,66,9,77.42,85.71,2491,360488,0,82,41.65,78
214,291.727489,223,0,0,37639,26448,16,7,38.75,32.84,1545,202628,6.19,59,83.49,69
215,385.2393742,224,0,0,80929,18392,62,9,53.42,66.67,2221,330452,1.4,73,31.54,73
216,1318.280992,225,0,0,60781,20734,44,14,30.99,39.44,1756,209241,2.72,64,1.45,68
217,599.383163,227,0,0,50163,20722,31,11,39.83,38.14,1712,184646,1.63,71,41.33,66
218,835.4320513,228,0,0,120163,63818,44,14,42.11,13.33,2365,324515,1.96,84,33.66,72
219,1353.531398,229,0,0,69519,22493,26,6,36.36,30,2069,218181,3.11,69,32.96,62
220,278.1687069,230,0,0,76694,12393,77,12,32.86,20,1006,75500,2.53,62,19.46,53
221,1229.738819,231,0,0,59514,9920,46,8,50.57,32.53,1998,191005,3.6,74,32.19,72
222,471.3014175,232,0,0,60994,15680,44,9,47.56,28.42,1771,197480,3.55,75,36.61,67
223,664.0010329,233,0,0,102500,15081,59,6,64.56,54.69,2573,384617,0.36,75,27.54,69
224,1298.012627,234,0,0,53000,8468,20,6,30.18,33.71,1840,202676,7.17,65,41.8,72
225,491.4272576,235,0,0,101581,25551,80,11,75,82.61,2238,457895,0,84,44.91,80
226,959.5703376,237,0,0,46023,6124,27,7,38.26,23.08,1505,165204,5.16,65,51.94,71
227,560.817896,238,0,0,53262,12291,17,6,34.48,19.05,1441,156265,4.53,69,59.24,74
228,392.5315645,240,0,0,55898,9354,37,7,35.29,34.48,1207,309676,4.72,74,43.21,71
229,573.4441297,241,0,0,158500,31400,82,9,82.81,77.42,3491,734921,1,86,44.73,73
230,279.6425758,242,0,0,49034,26257,33,11,43.28,31.08,1981,193009,1.85,70,35.12,64
231,697.2282482,244,0,0,63654,12027,33,9,40,47.5,1689,181522,1.61,67,41.48,71
232,175.8564596,245,0,0,37625,28538,36,17,22.81,22,1629,217382,11.24,61,30.06,68
233,290.9996412,246,0,0,33854,14821,34,15,40,50,2044,126438,5.83,59,26.95,70
234,130.7214974,247,0,0,38125,15499,16,14,22.5,15.15,1528,0,12.43,48,16.73,0
235,165.4279844,248,0,0,52793,24347,19,16,32.39,24.19,1056,0,9.12,53,14.47,53
236,128.1788175,249,0,0,31486,6326,5,6,17.65,17,1382,150000,17.09,43,22.46,53
237,325.4312079,250,0,0,60685,9268,52,12,39.29,40.43,2269,160239,0,77,18.95,64
238,299.8046645,251,0,0,59487,10499,44,10,45.76,38.36,2460,263549,1.9,76,34.43,62
239,246.7865136,252,0,0,81767,9962,58,15,57.14,12.5,2327,248643,1.02,80,44.65,69
240,647.9204748,253,0,0,110329,16280,66,8,68.57,66.28,2601,345103,0.93,75,24.44,83
241,1418.416801,254,0,0,48864,6295,56,16,33.33,17.65,1439,147500,1.57,69,14.8,70
242,474.1106344,255,0,0,95268,35841,73,13,83.82,77.08,3207,339056,0.32,80,23.92,73
243,4972.539159,256,0,0,136545,14370,63,8,72.99,62.62,3400,433808,0.14,82,2.05,77
244,1205.709368,257,0,0,108397,22958,56,5,64.95,67.27,2298,335642,1.21,64,15.82,58
245,828.3110995,258,0,0,57121,11561,18,9,27.07,21.95,1558,151906,5.76,68,53.61,65
246,414.2116575,259,0,0,62955,13759,15,6,36.99,28,1585,161948,5.21,65,40.2,66
247,1413.454383,260,0,0,38092,9979,23,6,27.82,24.75,1659,200719,3.52,73,39.62,72
248,542.5239785,261,0,0,81167,4061,40,8,56.63,53.85,1722,229954,1.34,76,61.09,72
249,1048.318821,262,0,0,133799,10549,72,7,74.32,82.09,3645,448882,0,82,39.24,79
250,644.2762265,263,0,0,119219,23870,64,8,75.76,87.5,2632,441590,0.39,81,47.74,82
251,325.2766066,264,0,0,57500,15209,43,9,28.85,44.26,2670,204856,1.79,71,32.21,72
252,278.7737509,265,0,0,81111,15849,46,7,41.94,38.24,2085,219047,0,76,41.75,80
253,1893.24269,266,0,0,74063,15258,36,6,47.62,45.38,1948,214805,2.23,75,25.83,65
254,2056.290448,267,0,0,83646,12804,37,7,53.88,42.94,2190,328824,2.5,72,25.71,66
255,256.6536772,268,0,0,46520,8102,27,8,42.86,30,1636,172425,3.63,69,47.28,71
256,458.6078287,269,0,0,98750,7599,65,6,73.97,78.85,2444,419765,0.36,77,38.64,75
257,90.18427553,270,0,0,48054,12844,17,9,29.07,20,0,0,15.35,51,9.67,0
258,169.2098182,271,0,0,47242,12257,14,7,40.48,29.41,1424,140806,4.96,64,60.5,69
259,532.8986502,272,0,0,47883,6210,49,11,28.89,35.9,0,0,4.75,53,7.26,52
260,607.185565,273,0,0,89479,22982,47,12,40.43,35.19,1974,209092,1.21,73,19.07,54
261,121.7014438,274,0,0,85707,17327,86,11,23.33,24.24,0,0,2.88,63,5,0
262,396.3621593,275,0,0,39276,30747,46,6,33.33,34.78,2789,320107,1.48,73,27.03,77
263,410.4371389,276,0,0,87500,17728,43,11,50,35.29,2160,228247,2.08,76,39.8,78
264,928.6181632,277,0,0,94621,34025,49,11,48.78,28,2215,268196,1.78,79,27.04,71
265,173.2096053,278,0,0,55238,6967,50,8,35.71,47.5,2140,212385,3.81,63,18.25,71
266,118.3883508,279,0,0,54727,8186,42,9,51.85,32,0,142795,3.46,65,4.64,80
267,921.4102642,280,0,0,37949,11814,14,7,28.09,20.59,1526,137593,11.35,61,37.65,65
268,188.9275761,281,0,0,55260,8272,34,8,37.5,37.84,1487,183010,4.08,67,12.82,80
269,352.7919896,282,0,0,50441,6715,28,10,35.06,34.92,1819,183439,2.71,67,53.46,69
270,435.5097487,283,0,0,54643,13413,29,7,34.65,33.33,1627,173418,5.82,69,44.75,62
271,954.0086443,284,0,0,130721,53122,71,12,80.65,84.42,3843,530504,1.76,79,17.17,83
272,1647.6864,286,0,0,40662,28444,6,6,42.42,33.33,1444,147000,3.74,55,1.87,66
273,1542.543207,287,0,0,48549,11115,42,7,51.19,42.17,1559,228667,0,59,3.28,67
274,575.8451224,288,0,0,92604,39464,73,7,53.49,72.41,2465,343427,0,81,10.5,78
275,1271.386192,289,0,0,76335,12700,36,6,57.36,47.8,2047,263938,2.47,71,39.82,66
276,842.237022,290,0,0,0,0,25,22,24.29,26,1245,350545,83.55,62,65.8,65
277,148.6529448,291,0,0,30163,4944,9,3,23.44,19.57,1187,126786,10.1,50,17.78,56
278,305.4099326,292,0,0,17632,12190,5,8,18.92,25,1045,102563,22.02,56,52.35,57
279,109.9532304,293,0,0,37563,25496,18,14,17.65,10.71,1069,135096,21.89,55,107.11,64
280,373.6704924,294,0,0,12476,11641,7,9,11.59,16.95,1088,137438,16.06,54,49.2,67
281,106.0679411,295,0,0,29850,6299,23,9,16.67,22.58,1239,212794,11.46,66,44.35,70
282,741.2630321,296,0,0,86346,19698,50,10,60.53,42.31,2672,263299,0.39,82,24.45,72
283,252.6882926,298,0,0,42202,8574,36,12,28.57,22.45,0,138238,0,55,5.28,54
284,489.1917673,299,0,0,60000,19867,48,8,38.93,40.7,1705,158814,4.08,70,32.96,64
285,469.2810411,300,0,0,53783,21307,45,12,33.33,21.43,2031,257579,0,60,0.72,0
286,535.6227939,301,0,0,80395,15679,56,8,33.85,27.54,1991,196446,1.71,74,38.15,70
287,373.2729732,302,0,0,97500,19641,66,1,49.49,49.15,2549,384967,0.34,76,33.88,67
288,199.756067,303,0,0,43602,5026,40,12,45.61,38.64,2264,337660,1.68,68,13.93,84
289,66.53875223,304,0,0,30938,5969,2,6,22.86,50,1118,136500,11.44,42,9.44,0
290,306.4544287,305,0,0,37321,15122,20,13,38.1,40.62,1439,165500,4.19,74,48.7,70
291,680.7293538,306,0,0,12485,4967,14,10,9.82,11.36,1097,145500,9.63,58,15.32,64
292,515.8820027,307,0,0,61136,7971,29,9,42.03,30.95,1596,165294,2.08,66,34.53,65
293,246.0141466,308,0,0,89519,36482,71,13,82.5,87.93,2206,310065,0,78,34.31,75
294,726.8813264,309,0,0,112527,8551,56,8,84.21,78.46,2550,375495,0,82,28.92,76
295,406.1363598,310,0,0,79659,32888,62,12,74.75,82.83,2331,301006,0,75,33.48,77
296,389.2257098,311,0,0,31205,8578,32,10,25.93,27.59,1296,177517,13.37,63,93.76,69
297,208.2089192,312,0,0,29631,8651,17,10,17.91,16.13,1418,147594,7.37,49,32.71,53
298,650.3432288,313,0,0,71979,14162,10,5,29.49,42.86,1585,196452,1.89,69,41.22,56
299,319.1004018,314,0,0,40114,16274,34,11,23.08,22.58,1354,294667,12.32,62,22.97,66
300,197.3253164,316,0,0,40570.87,0,13,5,36,35.35,1778,186208,10.03,58,23.63,67
301,384.9621997,318,0,0,72344,29137,52,7,83.33,42.86,2009,258130,0,82,57.92,81
302,721.4277679,319,0,0,66925,9957,22,9,39.58,39.85,1529,179973,2.89,71,45.96,71
303,263.8293196,320,0,0,176146,77135,81,25,52.38,48.28,2192,574804,1.67,88,40.78,0
304,217.1405939,321,0,0,35556,13945,30,27,24.24,14.29,1280,125531,10.43,59,68.52,70
305,203.9313966,322,0,0,58203,9939,12,5,28.57,33.33,1579,179943,0.85,71,46.36,76
306,584.849253,323,0,0,49250,12985,18,5,33.72,21.51,1532,152977,8.4,61,45.19,64
307,1371.945981,324,0,0,97917,40473,44,10,45,47.06,2789,309939,1.82,81,32.63,74
308,617.1119652,325,0,0,59652,12101,33,9,42.11,35.87,1863,155208,3.2,70,43.69,74
309,151.9314346,326,0,0,40441,11133,22,13,30,26.67,1049,173595,12.84,56,62.26,64
310,229.9067118,327,0,0,40705,16593,6,6,25.81,22,1246,115278,13.34,57,42.63,58
311,734.5100793,328,0,0,57750,20670,24,10,52.94,20,1710,147553,17.92,68,55.85,71
312,472.4734141,329,0,0,59813,21955,32,11,40.52,27.84,1874,163839,6.1,68,40.7,61
313,625.1310348,330,0,0,57548,12006,22,9,42.35,36.25,1585,163819,5.26,70,50,59
314,1303.617356,331,0,0,55525,10112,38,26,30,38.24,1834,186391,19.81,64,19.76,63
315,596.6857807,332,0,0,69464,24717,35,10,39.71,40,1996,194285,1.66,70,42.19,55
316,622.7886347,333,0,0,48898,17462,18,9,40.71,33.67,1519,152643,3.11,68,56.72,67
317,400.167772,334,0,0,147625,122321,97,23,70.37,0,0,0,4.76,61,4.88,0
318,863.5780249,335,0,0,97038,12717,59,7,72,66.12,2866,332397,0,84,23.18,77
319,1522.188886,336,0,0,56110,3264,53,7,42.48,36.61,2476,235274,2.11,69,19.8,64
320,824.7368256,337,0,0,117176,36450,52,13,46.51,44.74,2750,265723,1.48,78,31.59,68
321,152.8846637,338,0,0,59395,10875,62,5,23.81,18.75,0,0,4.55,67,13.55,72
322,375.9382977,340,0,0,95249.6,0,73,5,35.71,31.25,2071,308767,6.47,63,12.89,65
323,368.6963166,341,0,0,49148.35,0,60,7,43.24,35.19,2090,289190,19.42,61,21.5,69
324,259.643259,343,0,0,80667,31587,62,8,48.89,54.84,1465,415976,8.19,77,42.53,60
325,262.0828146,344,0,0,76693,15734,55,6,50,19.05,1245,286624,7.93,70,40.91,66
326,673.0117003,345,0,0,55058,12510,35,14,23.29,37.93,1598,193111,3.12,70,50.78,60
327,730.4264268,346,0,0,31172,5846,17,7,21.78,33.33,1339,141409,5.61,59,57.89,65
328,139.8202206,347,0,0,32049,26901,28,10,15.38,0,1316,374125,4.12,69,35.12,60
329,1597.870417,348,0,0,61280.49,0,27,8,36.08,35.63,1784,192774,1.45,77,55.54,75
330,297.2936193,349,0,0,108676,43926,77,10,95.83,100,3753,1145722,0,78,17.94,75
331,311.9313784,350,0,0,120333,54044,78,15,72.97,83.33,2527,396585,0.65,82,42.45,81
332,202.2010491,351,0,0,90658,25189,64,11,60,65.52,2817,508986,0,84,36.32,76
333,260.2770514,352,0,0,58616,13928,58,9,62.5,57.55,2752,330517,0.81,70,11.25,72
334,689.159333,353,0,0,110909,37553,69,10,79.17,76.19,2418,494372,0.7,84,56.19,78
335,256.0080841,354,0,0,54564,14126,49,10,36.36,34.62,1675,189667,0.56,64,20.48,67
336,634.2979423,355,0,0,109097,50087,73,11,65.59,63.24,2269,300167,3.03,60,11.74,64
337,988.3365213,356,0,0,139692.2,0,65,7,77.78,82.81,4396,523409,0.39,75,13.06,73
338,345.6406415,357,0,0,85396.04,0,54,5,76.92,51.35,1781,359583,1.21,78,40.2,82
339,823.4734658,358,0,0,90116.28,0,74,9,82.56,85.54,2716,458554,2.86,76,29.17,83
340,416.3660579,359,0,0,142697.7,0,82,7,63.04,56.36,2365,587070,0,87,40.4,88
341,1425.677273,360,0,0,72663.04,0,36,8,48.03,35.04,1771,183365,1.91,71,37.73,71
342,495.4313305,361,0,0,44891.3,0,38,7,15.38,16.67,1094,290435,7.28,66,45.27,65
343,820.2144716,362,0,0,30789.47,0,5,3,29.37,18.29,1213,114850,4.56,62,59.07,69
344,1360.927997,363,0,0,24845.13,0,11,4,18.92,13.41,936,136130,21.02,53,79.42,70
345,483.3262305,364,0,0,200000,0,89,6,84.38,87.5,3515,1298004,0,88,29.34,78
346,269.0594624,365,0,0,44409.09,0,33,8,46.67,35.29,1215,236824,5.46,70,61.18,70
347,348.3525317,366,0,0,42159.09,0,35,9,11.11,0,1219,240647,19.71,64,57.03,66
348,731.143604,367,0,0,77793.45,0,72,4,62.75,69.7,1915,383738,2.14,74,29.85,65
349,1124.752012,368,0,0,67963.92,0,31,7,50.63,50.53,1550,179481,0,72,47.7,70
350,328.895073,369,0,0,25493.42,0,7,7,18.31,19.61,979,146000,28.22,54,72.8,66
351,476.0792761,370,0,0,16280.99,0,9,4,14.29,23.3,941,211889,19.75,49,47.74,54
352,1396.469482,371,0,0,37384.62,0,13,3,32.07,26.44,1321,128005,15.18,62,54.28,66
353,2000.198395,372,0,0,90127.94,0,55,4,61.47,50.77,2349,251178,0.62,79,32.42,77
354,858.0380033,373,0,0,122168,0,74,7,64.41,48.65,2781,479248,0,83,45.58,77
355,416.5190327,374,0,0,20791.14,0,10,5,15.48,13.25,1077,114520,24.82,57,81.19,69
356,994.7923089,375,0,0,182852.6,0,79,8,73.02,80,3978,1057302,0,87,37.74,87
357,1156.421194,376,0,0,71081.46,0,36,6,39.64,36.36,1766,188337,2.37,74,41.95,70
358,1086.61874,377,0,0,81916.43,0,44,8,51.11,40.8,2549,213588,1.22,75,30.86,65
359,915.2273098,378,0,0,123832.2,0,76,6,79.17,90.48,1772,518171,2.27,83,39.08,73
360,1094.15249,379,0,0,191883.1,0,78,6,81.82,90.51,3754,574305,0.49,82,28.16,75
361,1885.883954,380,0,0,163200,0,68,4,85.61,84.93,3560,569203,0.17,83,39.98,80
362,492.5403179,381,0,0,69823.94,0,66,6,38.1,42.86,1579,522847,3.19,75,27.27,72
363,434.3114952,382,0,0,26113.86,0,19,7,20.31,12,1176,354319,9.07,44,61.33,71
364,619.5087778,383,0,0,61348.92,0,27,5,30.89,21.79,1481,278185,12.4,65,39.63,73
365,347.6324516,384,0,0,97355.77,0,80,8,45,0,1516,303781,3.85,65,14.82,58
366,792.2686031,385,0,0,32433.86,0,13,6,23.76,23.32,1087,104195,16.61,52,66.73,61
367,277.7320996,386,0,0,69074.07,0,42,7,47.06,0,1254,433075,8.63,70,53.37,64
368,1792.357727,387,0,0,42906.25,0,10,5,23.02,15.08,1130,122917,18.89,55,66.53,66
369,397.4140309,388,0,0,68526.32,0,56,16,32.69,22.58,1281,400399,7.46,69,46.53,70
370,1103.25228,389,0,0,42675.44,0,22,4,46.55,36.45,1454,220143,7.18,69,36.89,79
371,266.6308555,390,0,0,50101,13928,41,9,34.15,23.08,1310,296056,6.47,72,44.89,66
372,561.6528992,391,0,0,97422.68,0,75,11,71.15,80,2317,337798,1.24,80,53.76,82
373,1471.404781,392,0,0,153172.2,0,85,5,89.39,82.12,3021,935062,0.62,81,31.02,79
374,997.8916967,393,0,0,86204.01,0,64,7,45,30.93,1589,328704,3.33,76,42.97,73
375,392.4619022,394,0,0,39220.18,0,36,4,68.06,46.03,1767,327071,1.81,75,41.46,81
376,634.376,395,0,0,84632,15458,47,9,48,59.26,2143,350685,0,81,0.98,79
377,4520.721,396,0,0,73456,10701,26,5,58.11,46.94,2028,265384,0.65,82,1.04,70
378,151.037,397,0,0,98333,23092,59,12,50,65.22,1909,223661,0,63,0.35,68
379,281.393,398,0,0,92054,57390,58,16,57.89,80,2535,232747,0,77,0.44,69
380,653.46,399,0,0,103281,38029,66,7,61.54,76.47,2261,381385,0,73,0.36,72
381,665.252,400,0,0,115357,14493,74,9,70.93,83.33,2832,398792,0,84,3.94,76
382,909.666,401,0,0,72452,16436,39,9,76.47,59.15,1966,248253,0,76,0.67,79
383,988.197,402,0,0,95000,13913,39,11,68.57,82.98,2106,316620,0,84,1.21,76
384,1822.094,403,0,0,90500,24979,51,11,75,80.28,2959,393275,0.42,84,1.01,74
385,411.137,404,0,0,38088,15973,32,12,30.56,35.59,1444,166108,0,73,1.27,71
386,575.282,405,0,0,74408,15362,45,9,64.17,75.41,2000,224468,0,75,0.77,77
387,1398.616,406,0,0,83723,38200,44,10,55.17,54.55,2652,336655,0,83,0.68,80
388,1507.381,407,0,0,55760,10286,16,7,69.39,47.92,2150,266405,0.51,81,0.57,73
389,1127.431,408,0,0,96359,12985,41,9,83.93,56.14,2486,286508,0,83,0.83,79
390,2670.89,409,0,0,176319,36195,66,9,88.33,71.05,4009,952689,0,83,0.84,77
391,389.072,410,0,0,60968,13401,47,14,75,61.11,2842,309789,0,80,0.82,73
392,524.69,411,0,0,100208,9885,52,9,63.49,58.33,1839,230156,0,77,0.73,64
393,2023.714,412,0,0,103875,46273,33,26,66.67,81.82,2442,325156,0,81,1.41,72
394,1185.034,413,0,0,154886,36332,64,6,82.96,75.22,2796,381754,0,82,0.7,75
395,211.787,416,0,0,51755,3493,54,12,65,52.78,1905,201078,0,67,0.63,66
396,685.713,417,0,0,106389,25815,67,9,59.3,60.98,2453,322540,0,73,0.65,80
397,846.786,418,0,0,124179,46462,63,6,73.72,59.42,3205,438784,0,80,0.35,70
398,565.796,419,0,0,131543,13072,78,13,79.35,78.85,2824,363734,0,85,0.62,71
399,1301.915,420,0,0,91250,22369,56,6,75.76,73.53,2334,345909,0,81,0.64,71
400,728.892,421,0,0,131250,14747,57,7,64.58,79.31,3012,303654,0,82,0.72,76
401,3172.399,422,0,0,59717,11080,34,8,31.97,37.37,1786,225115,0,71,0.59,68
402,2929.976,423,0,0,103935,15679,53,6,75.26,68.75,2776,404000,0,84,0.89,78
403,2992.132,424,0,0,114773,33816,51,11,68.42,73.33,2985,605390,0,84,0.99,77
404,1595.72,425,0,0,102639,23467,51,6,75,85.19,2779,337724,0,86,0.87,72
405,504.12,426,0,0,86004,14915,41,7,56.25,51.11,2248,260823,0,78,1.31,75
406,1410.729,428,0,0,50259,22955,30,10,51.22,35,2278,300299,0.54,79,0.54,78
407,651.668,430,0,0,47872,10186,47,11,45.07,38.21,2449,254034,0,63,0.47,83
408,725.016,431,0,0,57961,10065,28,9,48.78,47.92,1871,211985,0,76,0.83,69
409,1325.658,432,0,0,100403,6883,54,5,69.51,72.86,2272,291468,0,79,0.83,70
410,241.327,433,0,0,125000,38656,62,15,65.22,80.95,2666,345797,0,83,1.43,72
411,3778.963,434,0,0,113625,51182,61,8,76.19,51.35,3481,436020,0,84,0.55,68
412,402.637,436,0,0,76063,23833,39,6,34.88,36.84,2136,229542,0,75,0.92,74
413,3528.178,437,0,0,103056,13881,65,8,55.13,46.97,2412,340161,0,83,0.73,71
414,2161.755,438,0,0,85258,28772,70,6,63.16,71.26,2459,393033,0,85,0.94,82
415,466.946,442,0,0,53667,10099,26,7,44.3,42.86,1601,180023,1.3,71,1.3,81
416,275.943,443,0,0,143281,46849,49,9,66.67,69.39,2572,385417,0,75,0.95,74
417,379.016,444,0,0,68333,25096,40,14,53.12,42.5,1721,215614,0,72,0.6,76
418,673.483,445,0,0,100833,22603,52,9,75.58,60.47,2217,260668,0,81,0.87,69
419,701.337,446,0,0,95694,16873,48,10,70.37,66.67,1898,237376,0,75,0.67,70
420,1219.494,447,0,0,121827,35355,54,10,61.7,58.97,2276,295396,0,81,0.52,67
421,833.213,448,0,0,80179,9187,51,8,59.79,74.67,2461,293221,0,71,0.63,73
422,2475.487,449,0,0,165438,46854,71,8,87.5,89.29,4232,883462,0,84,1.03,77
423,8536.819,450,0,0,117845,41012,55,7,67.37,74.6,2808,342872,0,81,0.6,72
424,3055.618,451,0,0,200707,72745,79,9,77.35,83.06,3474,490610,0.19,86,0.72,65
425,1187.218,452,0,0,103125,13787,34,12,50,61.9,1985,280000,0,80,1.03,79
426,731.212,453,0,0,58750,24153,37,11,43.64,47.83,1280,195034,0,67,0.6,76
427,2264.835,454,0,0,93444,18997,35,8,68.97,57.14,2526,331538,0,80,1.41,70
428,1571.884,455,0,0,91250,27858,38,7,58.49,47.5,2345,295053,0,82,0.55,71
429,283.121,457,0,0,118281,27880,84,10,79.41,85.29,2581,398575,0,85,1.69,78
430,276.6,458,0,0,114079,31521,31,9,61.22,69.77,2291,306032,0,82,1.5,69
431,1007.437,459,0,0,77640,10147,40,9,68.13,62.62,2056,274684,0,79,1.35,71
432,1075.467,460,0,0,86295,11619,53,6,51.55,61.95,1867,269398,0,79,1.51,71
433,3455.5,462,0,0,89875,13256,45,8,56.14,56.36,2368,320916,0,82,0.41,63
434,530.454,463,0,0,50346,16938,29,9,57.83,55.17,1813,254158,0,73,0.62,72
435,854.116,464,0,0,87604,28261,54,6,80.19,87.25,2601,342619,0,79,0.59,78
436,307.543,465,0,0,93333,29013,58,7,63.64,60.87,2137,261861,0,75,0.58,75
437,2882.871,466,0,0,67930,21398,44,6,56.07,54.12,2133,238761,0,74,1.19,74
438,523.329,467,0,0,121557,8251,62,9,73.86,85.19,2384,285968,0,79,0.96,61
439,2788.604,469,0,0,139360,34834,84,9,78,80.49,2823,480082,0,85,0.4,74
440,1478.835,470,0,0,151063,38418,62,10,78.95,79.55,3165,420127,0,80,0.87,72
441,678.221,471,0,0,75089,15238,48,6,69.57,62.07,1634,258724,0,74,0.77,79
442,1457.117,472,0,0,107574,44530,61,12,82.35,86.36,3028,572379,0,84,1.23,77
443,613.677,473,0,0,72232,24725,57,8,46.51,66.67,1695,366363,1.75,79,1.01,76
444,1020.178,474,0,0,59375,36754,44,8,58.33,64.44,2480,360410,0,76,0.79,69
445,950.12,475,0,0,141369,21349,74,7,87.1,94,2995,662136,0,85,0.55,89
