OBJECTID,Cluster,Edge,var1,var2,BiT,p_sim,p_value,pattern005,pattern001,pattern0001
1,0,0,3.43818763,0.44394236,0.7754304736147161,0.452,0.452,NS,NS,NS
2,0,0,0.489638695,1.43345609,0.26210911251060487,0.081,0.081,NS,NS,NS
3,0,0,2.326626924,0.28486648,0.31567530968330876,0.018,0.018,pos_cluster,NS,NS
4,0,0,0.369171135,1.30115837,1.927599698382155,0.769,0.23099999999999998,NS,NS,NS
5,0,0,0.458770169,3.14986966,4.673674022062347,0.837,0.16300000000000003,NS,NS,NS
6,0,0,3.231209147,3.20340244,5.634052836656835,0.857,0.14300000000000002,NS,NS,NS
7,0,0,0.601928734,0.34542117,5.036350935973312,0.933,0.06699999999999995,NS,NS,NS
8,0,0,4.886108936,0.66286878,1.6288959005903052,0.248,0.248,NS,NS,NS
9,0,0,1.875529403,0.32932668,2.0366076456961,0.665,0.33499999999999996,NS,NS,NS
10,0,0,0.92101533,0.64125101,1.0636728193470406,0.685,0.31499999999999995,NS,NS,NS
11,0,0,1.870853141,0.21571526,5.125478522239435,0.964,0.03600000000000003,neg_cluster,NS,NS
12,0,0,11.02230884,0.30262427,9.526736550830417,0.384,0.384,NS,NS,NS
13,0,0,0.817608787,0.73013122,1.5926204277955405,0.748,0.252,NS,NS,NS
14,0,0,0.482399935,1.22563357,0.2826503221700736,0.157,0.157,NS,NS,NS
15,0,0,0.782940923,0.31917477,2.723535740112191,0.836,0.16400000000000003,NS,NS,NS
16,0,0,3.902912252,0.9433873,0.326250612835446,0.016,0.016,pos_cluster,NS,NS
17,0,0,0.909699185,0.34626753,4.292958368918249,0.941,0.05900000000000005,NS,NS,NS
18,0,0,0.911942412,0.54823184,2.5210547565147774,0.86,0.14,NS,NS,NS
19,0,0,2.244842754,0.37461725,0.8839573409826552,0.348,0.348,NS,NS,NS
20,0,0,1.386965467,0.63470073,0.9493417916314951,0.364,0.364,NS,NS,NS
21,0,0,0.698983106,1.26890563,1.6808530297022104,0.613,0.387,NS,NS,NS
22,7,1,0.278,3.6,9.07391725634157,0.892,0.10799999999999998,NS,NS,NS
23,7,1,0.278,3.6,13.098994782031275,0.974,0.026000000000000023,neg_cluster,NS,NS
24,7,1,0.278,3.6,13.08920757977327,0.975,0.025000000000000022,neg_cluster,NS,NS
25,0,0,13.55962896,1.68937096,15.387380862455142,0.331,0.331,NS,NS,NS
26,0,0,0.546101398,2.46876324,3.1090153554602677,0.614,0.386,NS,NS,NS
27,0,0,0.764937178,1.04328004,0.7701281452727518,0.334,0.334,NS,NS,NS
28,4,1,1.0,3.6,5.480544254650133,0.794,0.20599999999999996,NS,NS,NS
29,4,1,1.0,3.6,7.108169372811853,0.882,0.118,NS,NS,NS
30,4,1,1.0,3.6,6.837563429213376,0.878,0.122,NS,NS,NS
31,0,0,1.25996365,0.604744,3.439925160638989,0.872,0.128,NS,NS,NS
32,0,0,0.448425536,0.35697626,3.6048747996017725,0.797,0.20299999999999996,NS,NS,NS
33,0,0,1.726112514,2.12710445,5.53390057002116,0.948,0.052000000000000046,NS,NS,NS
34,1,1,3.6,3.6,2.955147267673178,0.019,0.019,pos_cluster,NS,NS
35,1,1,3.6,3.6,2.204993592502345,0.01,0.01,pos_cluster,pos_cluster,NS
36,1,1,3.6,3.6,4.786777983675259,0.163,0.163,NS,NS,NS
37,0,0,2.036384646,1.59749508,2.3194686347833007,0.622,0.378,NS,NS,NS
38,0,0,2.13677723,1.48734759,0.6101409578057148,0.188,0.188,NS,NS,NS
39,0,0,1.418415539,0.79297282,0.40193690565765544,0.335,0.335,NS,NS,NS
40,0,0,3.226972231,1.2742045,0.6992134399126971,0.009,0.009,pos_cluster,pos_cluster,NS
41,7,1,0.278,3.6,11.01024455057919,0.947,0.05300000000000005,NS,NS,NS
42,7,0,0.278,3.6,15.462353352949343,0.991,0.009000000000000008,neg_cluster,neg_cluster,NS
43,7,0,0.278,3.6,15.462353352949343,0.993,0.007000000000000006,neg_cluster,neg_cluster,NS
44,7,1,0.278,3.6,13.628110251282822,0.98,0.020000000000000018,neg_cluster,NS,NS
45,0,0,1.741221569,1.22869507,3.1620031426260287,0.895,0.10499999999999998,NS,NS,NS
46,0,0,3.379462606,0.44376024,4.8533557527620035,0.724,0.276,NS,NS,NS
47,4,1,1.0,3.6,6.516555617037837,0.858,0.14200000000000002,NS,NS,NS
48,4,0,1.0,3.6,9.651204912331064,0.952,0.04800000000000004,neg_cluster,NS,NS
49,4,0,1.0,3.6,9.651204912331064,0.943,0.05700000000000005,NS,NS,NS
50,4,1,1.0,3.6,7.952088136209577,0.916,0.08399999999999996,NS,NS,NS
51,0,0,1.130824577,3.11925295,4.486594182196541,0.756,0.244,NS,NS,NS
52,0,0,20.95214612,1.07494988,27.066423075979976,0.619,0.381,NS,NS,NS
53,1,1,3.6,3.6,10.47099859666069,0.882,0.118,NS,NS,NS
54,1,0,3.6,3.6,0.01785758359177332,0.001,0.001,pos_cluster,pos_cluster,pos_cluster
55,1,0,3.6,3.6,0.01785758359177332,0.001,0.001,pos_cluster,pos_cluster,pos_cluster
56,1,1,3.6,3.6,1.19742307674092,0.003,0.003,pos_cluster,pos_cluster,NS
57,0,0,0.394762707,2.93621933,1.3556552358205303,0.258,0.258,NS,NS,NS
58,0,0,1.279466311,0.47131422,0.6280979490775392,0.186,0.186,NS,NS,NS
59,7,1,0.278,3.6,9.203383346750453,0.892,0.10799999999999998,NS,NS,NS
60,7,0,0.278,3.6,15.462353352949343,0.989,0.01100000000000001,neg_cluster,NS,NS
61,7,0,0.278,3.6,15.462353352949343,0.994,0.006000000000000005,neg_cluster,neg_cluster,NS
62,7,0,0.278,3.6,15.462353352949343,0.987,0.013000000000000012,neg_cluster,NS,NS
63,7,1,0.278,3.6,8.328871112868342,0.891,0.10899999999999999,NS,NS,NS
64,0,0,6.39244991,0.66723366,5.773297849404329,0.371,0.371,NS,NS,NS
65,4,1,1.0,3.6,5.268779053499295,0.764,0.236,NS,NS,NS
66,4,0,1.0,3.6,9.651204912331064,0.949,0.051000000000000045,NS,NS,NS
67,4,0,1.0,3.6,9.651204912331064,0.959,0.041000000000000036,neg_cluster,NS,NS
68,4,0,1.0,3.6,9.651204912331064,0.948,0.052000000000000046,NS,NS,NS
69,4,1,1.0,3.6,6.988100262332858,0.866,0.134,NS,NS,NS
70,0,0,1.337404235,2.62697223,3.9091992484935925,0.797,0.20299999999999996,NS,NS,NS
71,1,1,3.6,3.6,12.107432347634703,0.922,0.07799999999999996,NS,NS,NS
72,1,0,3.6,3.6,0.01785758359177332,0.001,0.001,pos_cluster,pos_cluster,pos_cluster
73,1,0,3.6,3.6,0.01785758359177332,0.001,0.001,pos_cluster,pos_cluster,pos_cluster
74,1,0,3.6,3.6,0.01785758359177332,0.001,0.001,pos_cluster,pos_cluster,pos_cluster
75,1,1,3.6,3.6,2.4295296940491946,0.009,0.009,pos_cluster,pos_cluster,NS
76,0,0,3.127250731,2.11545188,0.8698059057037529,0.071,0.071,NS,NS,NS
77,0,0,1.248173564,0.21542807,0.5385621209170388,0.282,0.282,NS,NS,NS
78,0,0,0.946898667,2.47986549,3.5171254827573546,0.759,0.241,NS,NS,NS
79,7,1,0.278,3.6,11.809554679878472,0.966,0.03400000000000003,neg_cluster,NS,NS
80,7,0,0.278,3.6,15.462353352949343,0.991,0.009000000000000008,neg_cluster,neg_cluster,NS
81,7,0,0.278,3.6,15.462353352949343,0.988,0.01200000000000001,neg_cluster,NS,NS
82,7,1,0.278,3.6,10.458481027270398,0.926,0.07399999999999995,NS,NS,NS
83,0,0,0.481249686,0.50686068,0.333337553895708,0.044,0.044,pos_cluster,NS,NS
84,0,0,0.669291521,1.26423917,2.308284666626265,0.775,0.22499999999999998,NS,NS,NS
85,4,1,1.0,3.6,12.22265892171794,0.978,0.02200000000000002,neg_cluster,NS,NS
86,4,0,1.0,3.6,9.651204912331064,0.936,0.06399999999999995,NS,NS,NS
87,4,0,1.0,3.6,9.651204912331064,0.942,0.05800000000000005,NS,NS,NS
88,4,1,1.0,3.6,6.672288686328792,0.874,0.126,NS,NS,NS
89,0,0,4.069150943,0.34879926,3.458393715022848,0.297,0.297,NS,NS,NS
90,0,0,0.665973548,0.99615374,4.240028605849623,0.932,0.06799999999999995,NS,NS,NS
91,1,1,3.6,3.6,3.098140144383104,0.025,0.025,pos_cluster,NS,NS
92,1,0,3.6,3.6,0.01785758359177332,0.001,0.001,pos_cluster,pos_cluster,pos_cluster
93,1,0,3.6,3.6,0.01785758359177332,0.001,0.001,pos_cluster,pos_cluster,pos_cluster
94,1,1,3.6,3.6,2.4013313457288494,0.011,0.011,pos_cluster,NS,NS
95,0,0,0.96029212,0.73052515,4.745219291129603,0.95,0.050000000000000044,neg_cluster,NS,NS
96,0,0,1.247444916,1.13759207,0.34929272452891164,0.085,0.085,NS,NS,NS
97,0,0,0.495131464,0.21401566,10.691566138269515,0.985,0.015000000000000013,neg_cluster,NS,NS
98,7,1,0.278,3.6,13.624442718239283,0.971,0.029000000000000026,neg_cluster,NS,NS
99,7,1,0.278,3.6,13.502310028488218,0.968,0.03200000000000003,neg_cluster,NS,NS
100,7,1,0.278,3.6,15.473536311000561,0.993,0.007000000000000006,neg_cluster,neg_cluster,NS
101,0,0,1.234742739,0.27624474,0.9626180649780546,0.188,0.188,NS,NS,NS
102,0,0,0.380690016,2.72087916,5.160665023938232,0.785,0.21499999999999997,NS,NS,NS
103,0,0,0.331938933,8.18487939,19.453661531131875,0.847,0.15300000000000002,NS,NS,NS
104,4,1,1.0,3.6,11.43418279383242,0.972,0.028000000000000025,neg_cluster,NS,NS
105,4,1,1.0,3.6,7.332429391343161,0.9,0.09999999999999998,NS,NS,NS
106,4,1,1.0,3.6,5.6257778779528875,0.803,0.19699999999999995,NS,NS,NS
107,0,0,1.25294935,1.3924705,1.5086352683768083,0.463,0.463,NS,NS,NS
108,0,0,2.783681412,0.57921416,2.837395967203612,0.51,0.49,NS,NS,NS
109,0,0,0.668380654,1.69448433,3.8805996742627222,0.894,0.10599999999999998,NS,NS,NS
110,1,1,3.6,3.6,4.102423527661996,0.074,0.074,NS,NS,NS
111,1,1,3.6,3.6,4.157042255191222,0.07,0.07,NS,NS,NS
112,1,1,3.6,3.6,3.476920153638403,0.048,0.048,pos_cluster,NS,NS
113,0,0,1.092603503,4.45432907,6.349812432407715,0.71,0.29000000000000004,NS,NS,NS
114,0,0,0.314929789,3.06967746,3.4031674611554963,0.85,0.15000000000000002,NS,NS,NS
115,0,0,1.570016723,1.181038,0.2972039635259258,0.17,0.17,NS,NS,NS
116,0,0,1.685753038,0.59314887,8.163159229694568,0.985,0.015000000000000013,neg_cluster,NS,NS
117,0,0,5.776346016,7.91105782,43.92716576551968,0.745,0.255,NS,NS,NS
118,0,0,0.380739733,3.09173189,9.905391339013994,0.961,0.039000000000000035,neg_cluster,NS,NS
119,0,0,0.591350317,1.90514837,6.530418177809032,0.961,0.039000000000000035,neg_cluster,NS,NS
120,0,0,0.461467707,8.97562697,15.71003261769108,0.659,0.34099999999999997,NS,NS,NS
121,0,0,1.107592429,1.19361921,1.8454077744937323,0.688,0.31200000000000006,NS,NS,NS
122,0,0,2.900740306,1.60419976,2.1455767768168053,0.295,0.295,NS,NS,NS
123,0,0,1.045192746,0.85316647,1.3762227340221707,0.561,0.43899999999999995,NS,NS,NS
124,0,0,0.957588648,2.31610772,2.9616013054829393,0.717,0.28300000000000003,NS,NS,NS
125,0,0,3.231837371,0.21650583,7.410697118098264,0.877,0.123,NS,NS,NS
126,0,0,0.207019883,0.45496055,11.165716316385307,0.989,0.01100000000000001,neg_cluster,NS,NS
127,0,0,1.866381717,1.65913188,2.8545087301543735,0.788,0.21199999999999997,NS,NS,NS
128,0,0,0.797711067,3.2562386,3.3578621305434626,0.526,0.474,NS,NS,NS
129,0,0,0.891347351,4.62799884,4.259145406816622,0.409,0.409,NS,NS,NS
130,0,0,0.23855886,0.99706552,4.914586597341045,0.938,0.062000000000000055,NS,NS,NS
131,0,0,0.221918636,0.94296226,5.294673735197419,0.918,0.08199999999999996,NS,NS,NS
132,0,0,0.439053329,2.49143032,6.381441003233187,0.901,0.09899999999999998,NS,NS,NS
133,0,0,0.819910544,2.87988358,6.228766028174308,0.944,0.05600000000000005,NS,NS,NS
134,0,0,0.651192419,0.29601161,0.8981155488032274,0.381,0.381,NS,NS,NS
135,0,0,0.80387434,0.5647031,9.478004786227226,0.995,0.0050000000000000044,neg_cluster,neg_cluster,NS
136,0,0,0.206542901,0.65373959,9.723459590212068,0.982,0.018000000000000016,neg_cluster,NS,NS
137,0,0,1.48164543,1.06011901,0.8113745969051767,0.21,0.21,NS,NS,NS
138,0,0,0.322620482,2.60055003,5.38298551846114,0.833,0.16700000000000004,NS,NS,NS
139,0,0,0.272718109,0.68169406,1.2960151601981411,0.497,0.497,NS,NS,NS
140,0,0,1.460954028,2.17350751,1.014086963000008,0.021,0.021,pos_cluster,NS,NS
141,0,0,2.141445249,1.85629508,0.8872943406754018,0.004,0.004,pos_cluster,pos_cluster,NS
142,0,0,0.573771311,1.15173392,0.7660955283455668,0.322,0.322,NS,NS,NS
143,0,0,0.47535774,3.53400624,8.477830090348906,0.894,0.10599999999999998,NS,NS,NS
144,0,0,24.18431638,1.93798121,53.939021159791125,0.922,0.07799999999999996,NS,NS,NS
145,0,0,6.161156441,1.03315725,28.293040720639503,0.99,0.010000000000000009,neg_cluster,neg_cluster,NS
146,0,0,4.090893534,0.52684107,5.478136157228108,0.694,0.30600000000000005,NS,NS,NS
147,0,0,0.710989332,0.3706602,3.473180966677005,0.825,0.17500000000000004,NS,NS,NS
148,0,0,0.333481217,0.9451624,3.5233888095694743,0.86,0.14,NS,NS,NS
149,0,0,0.201606226,4.31771913,14.14956378285743,0.952,0.04800000000000004,neg_cluster,NS,NS
150,0,0,0.710843118,6.99714318,10.26972445103659,0.66,0.33999999999999997,NS,NS,NS
151,0,0,0.590055437,1.53576575,2.874890060803077,0.802,0.19799999999999995,NS,NS,NS
152,0,0,0.43314063,4.47784799,3.088832573672222,0.619,0.381,NS,NS,NS
153,0,0,1.374568542,1.07259983,0.4530712080670231,0.408,0.408,NS,NS,NS
154,0,0,0.94187169,3.82227536,4.930497946572927,0.68,0.31999999999999995,NS,NS,NS
155,0,0,1.326183262,0.09037239,1.0761614868122202,0.087,0.087,NS,NS,NS
156,0,0,0.780742653,1.40278629,0.18847856985406367,0.005,0.005,pos_cluster,pos_cluster,NS
157,0,0,1.761926851,0.27452703,0.7556635191712182,0.04,0.04,pos_cluster,NS,NS
158,0,0,1.275983625,0.46265373,0.8655338832125515,0.211,0.211,NS,NS,NS
159,0,0,1.877053468,2.0027377,1.4086040306548933,0.056,0.056,NS,NS,NS
160,0,0,1.847693116,8.12211137,7.005986135935791,0.016,0.016,pos_cluster,NS,NS
161,0,0,1.001508263,1.1600533,1.7506988668875014,0.648,0.352,NS,NS,NS
162,0,0,0.915405723,1.36256407,0.5325588575998754,0.106,0.106,NS,NS,NS
163,0,0,1.375899305,0.59116651,2.9401417870097566,0.807,0.19299999999999995,NS,NS,NS
164,0,0,0.495501881,0.54888427,8.120463112246425,0.971,0.029000000000000026,neg_cluster,NS,NS
165,0,0,0.224935795,3.26045724,2.540691240836747,0.278,0.278,NS,NS,NS
166,0,0,0.814731581,0.29280309,5.90834681983745,0.932,0.06799999999999995,NS,NS,NS
167,0,0,5.096865422,2.73669242,8.946460556644208,0.605,0.395,NS,NS,NS
168,0,0,1.1482042,8.13568285,9.102463319273356,0.372,0.372,NS,NS,NS
169,0,0,2.151207815,0.81335314,2.4699030691324553,0.656,0.344,NS,NS,NS
170,0,0,0.694352197,0.66592539,0.42638010400530835,0.116,0.116,NS,NS,NS
171,0,0,1.055778767,0.62931839,0.25744386810435044,0.049,0.049,pos_cluster,NS,NS
172,0,0,0.313576183,3.59285013,4.1010478222753655,0.633,0.367,NS,NS,NS
173,0,0,0.732437412,2.6132527,3.1997917325675433,0.661,0.33899999999999997,NS,NS,NS
174,8,1,0.278,1.0,0.40732294026707766,0.11,0.11,NS,NS,NS
175,8,1,0.278,1.0,0.40058213213995075,0.098,0.098,NS,NS,NS
176,8,1,0.278,1.0,0.305650050102444,0.052,0.052,NS,NS,NS
177,0,0,1.60436644,0.51564511,0.7544827474057686,0.112,0.112,NS,NS,NS
178,0,0,1.128407147,3.41328994,4.652251462243485,0.748,0.252,NS,NS,NS
179,0,0,2.484999004,0.29692423,3.7221112905429203,0.62,0.38,NS,NS,NS
180,5,1,1.0,1.0,0.3029538560583138,0.055,0.055,NS,NS,NS
181,5,1,1.0,1.0,0.06379095318151873,0.001,0.001,pos_cluster,pos_cluster,pos_cluster
182,5,1,1.0,1.0,0.19461681055271163,0.016,0.016,pos_cluster,NS,NS
183,0,0,0.375020093,1.74077303,1.44163788555191,0.311,0.311,NS,NS,NS
184,0,0,0.982281681,2.07177527,3.1792186936090285,0.798,0.20199999999999996,NS,NS,NS
185,0,0,4.407919896,3.96753248,7.743592244074901,0.133,0.133,NS,NS,NS
186,2,1,3.6,1.0,6.154667906078273,0.904,0.09599999999999997,NS,NS,NS
187,2,1,3.6,1.0,7.385754927405937,0.932,0.06799999999999995,NS,NS,NS
188,2,1,3.6,1.0,5.937947375595116,0.887,0.11299999999999999,NS,NS,NS
189,0,0,0.428661908,1.16018826,0.5983453776371751,0.193,0.193,NS,NS,NS
190,0,0,1.746789884,0.55203604,0.20395095631859833,0.116,0.116,NS,NS,NS
191,0,0,0.593214052,0.43811084,0.1613889908072537,0.163,0.163,NS,NS,NS
192,0,0,2.008988408,0.36242138,0.2900309807107511,0.003,0.003,pos_cluster,pos_cluster,NS
193,8,1,0.278,1.0,0.44654588825837427,0.135,0.135,NS,NS,NS
194,8,0,0.278,1.0,0.5135629843615431,0.15,0.15,NS,NS,NS
195,8,0,0.278,1.0,0.5135629843615431,0.149,0.149,NS,NS,NS
196,8,1,0.278,1.0,0.5396105156718115,0.147,0.147,NS,NS,NS
197,0,0,0.547496095,2.57685026,1.669939529437496,0.27,0.27,NS,NS,NS
198,0,0,1.203837479,0.95499697,0.6415066261110447,0.192,0.192,NS,NS,NS
199,5,1,1.0,1.0,0.3119826036625233,0.081,0.081,NS,NS,NS
200,5,0,1.0,1.0,0.011869659615797976,0.001,0.001,pos_cluster,pos_cluster,pos_cluster
201,5,0,1.0,1.0,0.011869659615797976,0.001,0.001,pos_cluster,pos_cluster,pos_cluster
202,5,1,1.0,1.0,0.48587151219253033,0.142,0.142,NS,NS,NS
203,0,0,1.775757173,3.01924611,1.4045372383014358,0.016,0.016,pos_cluster,NS,NS
204,0,0,2.050207175,0.24841985,4.078759217529589,0.78,0.21999999999999997,NS,NS,NS
205,2,1,3.6,1.0,7.600706155565413,0.934,0.06599999999999995,NS,NS,NS
206,2,0,3.6,1.0,9.498443800777615,0.968,0.03200000000000003,neg_cluster,NS,NS
207,2,0,3.6,1.0,9.498443800777615,0.957,0.04300000000000004,neg_cluster,NS,NS
208,2,1,3.6,1.0,6.671078168214462,0.904,0.09599999999999997,NS,NS,NS
209,0,0,0.749404154,1.38468941,0.27817622310153656,0.061,0.061,NS,NS,NS
210,0,0,0.319392542,2.4283992,0.5382895453423296,0.059,0.059,NS,NS,NS
211,8,1,0.278,1.0,0.5668650557726433,0.184,0.184,NS,NS,NS
212,8,0,0.278,1.0,0.5135629843615431,0.147,0.147,NS,NS,NS
213,8,0,0.278,1.0,0.5135629843615431,0.134,0.134,NS,NS,NS
214,8,0,0.278,1.0,0.5135629843615431,0.159,0.159,NS,NS,NS
215,8,1,0.278,1.0,0.5657248536942656,0.169,0.169,NS,NS,NS
216,0,0,0.488592649,1.10467161,0.35521644984073253,0.081,0.081,NS,NS,NS
217,5,1,1.0,1.0,0.02989771280188627,0.001,0.001,pos_cluster,pos_cluster,pos_cluster
218,5,0,1.0,1.0,0.011869659615797976,0.001,0.001,pos_cluster,pos_cluster,pos_cluster
219,5,0,1.0,1.0,0.011869659615797976,0.001,0.001,pos_cluster,pos_cluster,pos_cluster
220,5,0,1.0,1.0,0.011869659615797976,0.001,0.001,pos_cluster,pos_cluster,pos_cluster
221,5,1,1.0,1.0,0.5517791954025332,0.169,0.169,NS,NS,NS
222,0,0,0.143009051,1.88730859,1.487806356210061,0.276,0.276,NS,NS,NS
223,2,1,3.6,1.0,7.562645580277697,0.924,0.07599999999999996,NS,NS,NS
224,2,0,3.6,1.0,9.498443800777615,0.965,0.03500000000000003,neg_cluster,NS,NS
225,2,0,3.6,1.0,9.498443800777615,0.956,0.04400000000000004,neg_cluster,NS,NS
226,2,0,3.6,1.0,9.498443800777615,0.968,0.03200000000000003,neg_cluster,NS,NS
227,2,1,3.6,1.0,6.09053222385866,0.891,0.10899999999999999,NS,NS,NS
228,0,0,2.279228843,0.72602717,1.0243308347534468,0.494,0.494,NS,NS,NS
229,0,0,1.203015551,1.23454774,0.37238652726117155,0.344,0.344,NS,NS,NS
230,0,0,1.599921269,0.53008739,0.7679911244795712,0.118,0.118,NS,NS,NS
231,8,1,0.278,1.0,0.5315406533318197,0.167,0.167,NS,NS,NS
232,8,0,0.278,1.0,0.5135629843615431,0.149,0.149,NS,NS,NS
233,8,0,0.278,1.0,0.5135629843615431,0.14,0.14,NS,NS,NS
234,8,1,0.278,1.0,0.4712450550555893,0.126,0.126,NS,NS,NS
235,0,0,0.393124515,0.92054531,0.21948263227711706,0.03,0.03,pos_cluster,NS,NS
236,0,0,0.739847783,0.75476278,1.1160761431054322,0.531,0.469,NS,NS,NS
237,5,1,1.0,1.0,0.7307721253952407,0.316,0.316,NS,NS,NS
238,5,0,1.0,1.0,0.011869659615797976,0.001,0.001,pos_cluster,pos_cluster,pos_cluster
239,5,0,1.0,1.0,0.011869659615797976,0.001,0.001,pos_cluster,pos_cluster,pos_cluster
240,5,1,1.0,1.0,0.025322753573871454,0.001,0.001,pos_cluster,pos_cluster,pos_cluster
241,0,0,0.914240343,3.71142999,2.4604334256181786,0.288,0.288,NS,NS,NS
242,0,0,3.575671619,0.87160729,3.856249552926343,0.663,0.33699999999999997,NS,NS,NS
243,2,1,3.6,1.0,8.379565496487976,0.939,0.061000000000000054,NS,NS,NS
244,2,0,3.6,1.0,9.498443800777615,0.956,0.04400000000000004,neg_cluster,NS,NS
245,2,0,3.6,1.0,9.498443800777615,0.966,0.03400000000000003,neg_cluster,NS,NS
246,2,1,3.6,1.0,7.412711990461736,0.935,0.06499999999999995,NS,NS,NS
247,0,0,0.309930322,0.86632911,2.309854848911831,0.723,0.277,NS,NS,NS
248,0,0,0.701323146,0.65527205,5.5249540544091635,0.948,0.052000000000000046,NS,NS,NS
249,0,0,3.104303292,0.75081437,3.9344471735896414,0.743,0.257,NS,NS,NS
250,8,1,0.278,1.0,0.6424378395864848,0.226,0.226,NS,NS,NS
251,8,1,0.278,1.0,1.3506105211913915,0.545,0.45499999999999996,NS,NS,NS
252,8,1,0.278,1.0,1.3470067612039596,0.526,0.474,NS,NS,NS
253,0,0,0.292038448,0.89545831,0.2993865588605155,0.049,0.049,pos_cluster,NS,NS
254,0,0,0.726818772,0.34423013,1.827877443796731,0.565,0.43500000000000005,NS,NS,NS
255,0,0,1.518729935,5.99341746,5.708567413108394,0.194,0.194,NS,NS,NS
256,5,1,1.0,1.0,0.7268754972489916,0.295,0.295,NS,NS,NS
257,5,1,1.0,1.0,0.08120748862078243,0.001,0.001,pos_cluster,pos_cluster,pos_cluster
258,5,1,1.0,1.0,0.5140695807973318,0.156,0.156,NS,NS,NS
259,0,0,0.811042747,0.56618098,1.2438411404155598,0.498,0.498,NS,NS,NS
260,0,0,0.881611952,2.96022008,2.1529958123020547,0.336,0.336,NS,NS,NS
261,0,0,0.309901708,0.65556778,1.575637533176383,0.553,0.44699999999999995,NS,NS,NS
262,2,1,3.6,1.0,5.872509362894627,0.895,0.10499999999999998,NS,NS,NS
263,2,1,3.6,1.0,7.077935279556918,0.92,0.07999999999999996,NS,NS,NS
264,2,1,3.6,1.0,6.438105642481572,0.921,0.07899999999999996,NS,NS,NS
265,0,0,1.540930431,8.24224393,8.86529917223803,0.193,0.193,NS,NS,NS
266,0,0,0.286603684,0.08387726,3.0529409054218206,0.84,0.16000000000000003,NS,NS,NS
267,0,0,0.642652844,1.96423175,4.0668545854197395,0.957,0.04300000000000004,neg_cluster,NS,NS
268,0,0,6.106608973,4.86076189,22.03011398071528,0.438,0.438,NS,NS,NS
269,0,0,1.929799948,0.97088928,4.64279532124239,0.947,0.05300000000000005,NS,NS,NS
270,0,0,1.763138625,0.82323318,2.469617429146788,0.749,0.251,NS,NS,NS
271,0,0,1.150575959,16.4136188,7.503158544734603,0.009,0.009,pos_cluster,pos_cluster,NS
272,0,0,1.652121037,0.95917074,1.7417902808758798,0.571,0.42900000000000005,NS,NS,NS
273,0,0,0.743956051,1.19071501,0.26307682525413395,0.041,0.041,pos_cluster,NS,NS
274,0,0,0.673485419,2.23364376,1.4626451761410197,0.269,0.269,NS,NS,NS
275,0,0,0.417599675,1.0419948,0.8638016080540762,0.347,0.347,NS,NS,NS
276,0,0,0.862857279,0.5061221,0.25878814355413426,0.044,0.044,pos_cluster,NS,NS
277,0,0,2.305366594,0.88346958,0.5517069245723588,0.038,0.038,pos_cluster,NS,NS
278,0,0,2.000299692,2.74964878,3.5342109611567665,0.596,0.404,NS,NS,NS
279,0,0,0.319570314,0.45228327,3.2483446303785977,0.755,0.245,NS,NS,NS
280,0,0,2.490725698,0.80372592,1.6047238997766375,0.292,0.292,NS,NS,NS
281,0,0,1.318748989,1.03218368,0.9125739799235073,0.301,0.301,NS,NS,NS
282,0,0,1.633615407,0.66545062,1.6560169221191057,0.463,0.463,NS,NS,NS
283,0,0,1.509992572,1.66912907,0.9281459249498705,0.061,0.061,NS,NS,NS
284,0,0,2.982490365,2.02887308,2.998336678083261,0.344,0.344,NS,NS,NS
285,0,0,0.592570447,0.33171026,3.356313407826962,0.846,0.15400000000000003,NS,NS,NS
286,0,0,3.634096674,0.72080829,2.389697946015622,0.438,0.438,NS,NS,NS
287,0,0,0.885476379,0.74884907,5.407011188478884,0.951,0.049000000000000044,neg_cluster,NS,NS
288,0,0,0.651832143,1.03034421,0.3210714048524659,0.083,0.083,NS,NS,NS
289,0,0,2.792064603,0.66347581,3.8917971260096347,0.759,0.241,NS,NS,NS
290,0,0,3.313724465,0.87850978,3.2721350294442586,0.619,0.381,NS,NS,NS
291,0,0,1.100776966,0.80140315,0.3343097308404577,0.06,0.06,NS,NS,NS
292,0,0,0.154267241,0.61974013,0.3274544501731628,0.067,0.067,NS,NS,NS
293,0,0,0.799675977,0.52999957,0.25287092705583464,0.041,0.041,pos_cluster,NS,NS
294,0,0,0.629655908,0.31724428,0.41551032891730955,0.044,0.044,pos_cluster,NS,NS
295,0,0,1.390600372,1.67496004,1.3172884835980587,0.259,0.259,NS,NS,NS
296,0,0,0.412201719,0.43373375,1.6375018071912333,0.528,0.472,NS,NS,NS
297,0,0,1.544183225,0.32686669,2.674945362205655,0.621,0.379,NS,NS,NS
298,0,0,0.959686254,12.0813679,6.854619218073623,0.07,0.07,NS,NS,NS
299,0,0,1.589876294,0.45690298,2.3644103600391557,0.595,0.405,NS,NS,NS
300,0,0,0.571795946,0.30270894,0.7914573857709646,0.193,0.193,NS,NS,NS
301,0,0,2.294999441,0.32505306,1.6508258765189736,0.181,0.181,NS,NS,NS
302,0,0,2.470324556,1.24089719,1.6129561043427665,0.31,0.31,NS,NS,NS
303,0,0,0.188468122,1.79527082,1.187847698861911,0.198,0.198,NS,NS,NS
304,0,0,1.269732074,0.48832651,0.39297600186267745,0.302,0.302,NS,NS,NS
305,0,0,1.308924609,1.31245074,1.2908072074494168,0.785,0.21499999999999997,NS,NS,NS
306,0,0,0.45911185,6.10264185,4.855842169999303,0.227,0.227,NS,NS,NS
307,0,0,0.602666953,0.32167678,6.142989434671819,0.945,0.05500000000000005,NS,NS,NS
308,0,0,0.732061339,4.52205255,2.8813532950714276,0.213,0.213,NS,NS,NS
309,0,0,0.416959011,1.76908598,1.3045492143831714,0.29,0.29,NS,NS,NS
310,0,0,0.620352467,0.44793951,0.3175928306285366,0.059,0.059,NS,NS,NS
311,0,0,0.750494098,0.22387094,0.41404944814579214,0.025,0.025,pos_cluster,NS,NS
312,0,0,1.937097835,0.60412248,1.4970401048329842,0.298,0.298,NS,NS,NS
313,0,0,0.332795914,1.46372784,0.25880878511091304,0.013,0.013,pos_cluster,NS,NS
314,0,0,0.57330518,0.43227178,0.44560471665731455,0.104,0.104,NS,NS,NS
315,0,0,0.579157299,0.48030783,0.5776163353542889,0.181,0.181,NS,NS,NS
316,0,0,1.029847093,1.85491855,0.8358050741119326,0.124,0.124,NS,NS,NS
317,0,0,0.73822407,0.94652444,0.49368796985040486,0.163,0.163,NS,NS,NS
318,0,0,0.832405575,0.81897625,0.780246533273598,0.357,0.357,NS,NS,NS
319,0,0,0.691341162,2.05127573,0.6358257097263886,0.065,0.065,NS,NS,NS
320,0,0,1.107713255,1.79971387,1.7273491411723767,0.494,0.494,NS,NS,NS
321,0,0,0.693263111,2.63146038,0.6605116674796293,0.04,0.04,pos_cluster,NS,NS
322,0,0,2.684126655,0.67475848,4.913866304201619,0.895,0.10499999999999998,NS,NS,NS
323,0,0,3.069395641,1.83417206,5.922360700604543,0.947,0.05300000000000005,NS,NS,NS
324,0,0,1.048635683,0.29265985,4.911302850988234,0.954,0.04600000000000004,neg_cluster,NS,NS
325,0,0,13.27499259,2.41210431,28.240247544402216,0.859,0.14100000000000001,NS,NS,NS
326,9,1,0.278,0.278,6.787954216059625,0.932,0.06799999999999995,NS,NS,NS
327,9,1,0.278,0.278,0.7019082471349904,0.112,0.112,NS,NS,NS
328,9,1,0.278,0.278,0.41098716265290236,0.034,0.034,pos_cluster,NS,NS
329,0,0,2.350160931,0.99047476,0.9492710686099801,0.134,0.134,NS,NS,NS
330,0,0,1.194647208,0.2623074,1.198568003964048,0.262,0.262,NS,NS,NS
331,0,0,3.693720324,0.8040456,2.1234523536479695,0.301,0.301,NS,NS,NS
332,6,1,1.0,0.278,0.8288807710762113,0.189,0.189,NS,NS,NS
333,6,1,1.0,0.278,0.8039028504196075,0.157,0.157,NS,NS,NS
334,6,1,1.0,0.278,0.9765502530809969,0.251,0.251,NS,NS,NS
335,0,0,1.166529473,0.08849567,2.075152329568286,0.447,0.447,NS,NS,NS
336,0,0,1.079306828,1.00961166,1.1792951950851038,0.52,0.48,NS,NS,NS
337,0,0,1.522324361,0.87547308,1.951084913778411,0.598,0.402,NS,NS,NS
338,3,1,3.6,0.278,9.347526694279999,0.927,0.07299999999999995,NS,NS,NS
339,3,1,3.6,0.278,11.041143838604444,0.972,0.028000000000000025,neg_cluster,NS,NS
340,3,1,3.6,0.278,12.878311942208311,0.974,0.026000000000000023,neg_cluster,NS,NS
341,0,0,4.801851188,0.62345466,11.255846516949182,0.935,0.06499999999999995,NS,NS,NS
342,0,0,0.906899026,17.0695618,6.183088711306643,0.274,0.274,NS,NS,NS
343,0,0,2.483283212,0.52945987,0.7550603874773886,0.34,0.34,NS,NS,NS
344,0,0,1.117314031,0.2896089,4.412991208282316,0.887,0.11299999999999999,NS,NS,NS
345,9,1,0.278,0.278,6.224630768943488,0.919,0.08099999999999996,NS,NS,NS
346,9,0,0.278,0.278,0.03108543945695892,0.001,0.001,pos_cluster,pos_cluster,pos_cluster
347,9,0,0.278,0.278,0.03108543945695892,0.001,0.001,pos_cluster,pos_cluster,pos_cluster
348,9,1,0.278,0.278,0.5012953841342854,0.048,0.048,pos_cluster,NS,NS
349,0,0,0.556107918,2.20193371,0.6834238504089943,0.073,0.073,NS,NS,NS
350,0,0,0.990814007,0.71228978,1.2423883481082902,0.518,0.482,NS,NS,NS
351,6,1,1.0,0.278,0.9849901715094782,0.248,0.248,NS,NS,NS
352,6,0,1.0,0.278,1.0037869584265877,0.26,0.26,NS,NS,NS
353,6,0,1.0,0.278,1.0037869584265877,0.254,0.254,NS,NS,NS
354,6,1,1.0,0.278,1.9821448797628012,0.563,0.43700000000000006,NS,NS,NS
355,0,0,5.223100801,0.20009229,5.934257057538205,0.318,0.318,NS,NS,NS
356,0,0,1.274029357,0.179785,3.465442982578913,0.739,0.261,NS,NS,NS
357,3,1,3.6,0.278,12.29362397518216,0.971,0.029000000000000026,neg_cluster,NS,NS
358,3,0,3.6,0.278,15.799816215460945,0.99,0.010000000000000009,neg_cluster,neg_cluster,NS
359,3,0,3.6,0.278,15.799816215460945,0.993,0.007000000000000006,neg_cluster,neg_cluster,NS
360,3,1,3.6,0.278,13.939832453299976,0.989,0.01100000000000001,neg_cluster,NS,NS
361,0,0,0.472624801,0.52671406,2.598080246651685,0.743,0.257,NS,NS,NS
362,0,0,0.282026474,0.49684378,2.014104929926593,0.684,0.31599999999999995,NS,NS,NS
363,9,1,0.278,0.278,1.9529947046265788,0.507,0.493,NS,NS,NS
364,9,0,0.278,0.278,0.03108543945695892,0.001,0.001,pos_cluster,pos_cluster,pos_cluster
365,9,0,0.278,0.278,0.03108543945695892,0.001,0.001,pos_cluster,pos_cluster,pos_cluster
366,9,0,0.278,0.278,0.03108543945695892,0.001,0.001,pos_cluster,pos_cluster,pos_cluster
367,9,1,0.278,0.278,1.5517823374695836,0.418,0.418,NS,NS,NS
368,0,0,1.906973255,3.54022429,4.2461040626539805,0.517,0.483,NS,NS,NS
369,6,1,1.0,0.278,2.3082472035798522,0.599,0.401,NS,NS,NS
370,6,0,1.0,0.278,1.0037869584265877,0.238,0.238,NS,NS,NS
371,6,0,1.0,0.278,1.0037869584265877,0.255,0.255,NS,NS,NS
372,6,0,1.0,0.278,1.0037869584265877,0.243,0.243,NS,NS,NS
373,6,1,1.0,0.278,1.9440215723299998,0.543,0.45699999999999996,NS,NS,NS
374,0,0,0.159109248,0.71581242,1.2350583678528562,0.454,0.454,NS,NS,NS
375,3,1,3.6,0.278,10.203694000689639,0.958,0.04200000000000004,neg_cluster,NS,NS
376,3,0,3.6,0.278,15.799816215460945,0.995,0.0050000000000000044,neg_cluster,neg_cluster,NS
377,3,0,3.6,0.278,15.799816215460945,0.99,0.010000000000000009,neg_cluster,neg_cluster,NS
378,3,0,3.6,0.278,15.799816215460945,0.993,0.007000000000000006,neg_cluster,neg_cluster,NS
379,3,1,3.6,0.278,10.936954326331332,0.96,0.040000000000000036,neg_cluster,NS,NS
380,0,0,3.57382481,0.4789712,2.773993998518242,0.725,0.275,NS,NS,NS
381,0,0,5.347291496,0.7152806,0.6782547061197859,0.087,0.087,NS,NS,NS
382,0,0,1.576161751,5.98246865,5.933526903992591,0.178,0.178,NS,NS,NS
383,9,1,0.278,0.278,2.099285036938692,0.513,0.487,NS,NS,NS
384,9,0,0.278,0.278,0.03108543945695892,0.001,0.001,pos_cluster,pos_cluster,pos_cluster
385,9,0,0.278,0.278,0.03108543945695892,0.001,0.001,pos_cluster,pos_cluster,pos_cluster
386,9,1,0.278,0.278,0.18894376686310327,0.001,0.001,pos_cluster,pos_cluster,pos_cluster
387,0,0,1.693774209,0.53829167,1.556993658958465,0.354,0.354,NS,NS,NS
388,0,0,1.976817401,2.68842674,2.5461430858328944,0.255,0.255,NS,NS,NS
389,6,1,1.0,0.278,1.413736902207195,0.409,0.409,NS,NS,NS
390,6,0,1.0,0.278,1.0037869584265877,0.25,0.25,NS,NS,NS
391,6,0,1.0,0.278,1.0037869584265877,0.248,0.248,NS,NS,NS
392,6,1,1.0,0.278,1.1965291292482605,0.324,0.324,NS,NS,NS
393,0,0,2.219866097,1.84055413,2.2513635169112045,0.377,0.377,NS,NS,NS
394,0,0,2.75255106,1.26025436,4.207364593413436,0.877,0.123,NS,NS,NS
395,3,1,3.6,0.278,13.190100197558808,0.972,0.028000000000000025,neg_cluster,NS,NS
396,3,0,3.6,0.278,15.799816215460945,0.987,0.013000000000000012,neg_cluster,NS,NS
397,3,0,3.6,0.278,15.799816215460945,0.99,0.010000000000000009,neg_cluster,neg_cluster,NS
398,3,1,3.6,0.278,11.494507578596805,0.96,0.040000000000000036,neg_cluster,NS,NS
399,0,0,0.816693246,1.39040952,2.6484618621434657,0.88,0.12,NS,NS,NS
400,0,0,0.760978316,1.63946259,1.205211654214486,0.473,0.473,NS,NS,NS
401,0,0,0.641719932,1.85102395,0.9186650738748193,0.176,0.176,NS,NS,NS
402,9,1,0.278,0.278,0.24312213959255155,0.003,0.003,pos_cluster,pos_cluster,NS
403,9,1,0.278,0.278,0.9946338070044135,0.232,0.232,NS,NS,NS
404,9,1,0.278,0.278,1.142871394861783,0.297,0.297,NS,NS,NS
405,0,0,2.040436003,0.69649561,0.8322866296302168,0.11,0.11,NS,NS,NS
406,0,0,0.790016205,2.56445785,0.7787480684508397,0.05,0.05,pos_cluster,NS,NS
407,0,0,0.547951503,1.54418073,1.3307588527909686,0.414,0.414,NS,NS,NS
408,6,1,1.0,0.278,0.866231721163542,0.183,0.183,NS,NS,NS
409,6,1,1.0,0.278,0.8561063309552124,0.194,0.194,NS,NS,NS
410,6,1,1.0,0.278,0.9874604117496765,0.265,0.265,NS,NS,NS
411,0,0,0.4378795,3.18994845,1.7258636463432366,0.192,0.192,NS,NS,NS
412,0,0,0.477006316,0.96089289,2.173525153040044,0.669,0.33099999999999996,NS,NS,NS
413,0,0,3.332041833,1.8069652,5.410306176156681,0.89,0.10999999999999999,NS,NS,NS
414,3,1,3.6,0.278,9.459855854676606,0.93,0.06999999999999995,NS,NS,NS
415,3,1,3.6,0.278,10.798963163409056,0.958,0.04200000000000004,neg_cluster,NS,NS
416,3,1,3.6,0.278,8.736854075988564,0.929,0.07099999999999995,NS,NS,NS
417,0,0,0.906663836,0.14219652,3.9147364175864103,0.833,0.16700000000000004,NS,NS,NS
418,0,0,0.753196289,13.1360257,4.096110019836331,0.247,0.247,NS,NS,NS
419,0,0,0.705985797,4.6060579,0.9191424232621402,0.435,0.435,NS,NS,NS
420,0,0,0.687251703,0.67769394,0.19950078976298144,0.099,0.099,NS,NS,NS
421,0,0,0.67322737,0.68282609,0.1714600520069246,0.063,0.063,NS,NS,NS
422,0,0,0.173739086,2.03491216,0.5756220253757498,0.165,0.165,NS,NS,NS
423,0,0,3.354303452,1.67467016,2.9269808453049917,0.74,0.26,NS,NS,NS
424,0,0,0.355498408,1.29518926,0.9402286811080278,0.536,0.46399999999999997,NS,NS,NS
425,0,0,2.119669961,1.72108541,0.8742848024541898,0.117,0.117,NS,NS,NS
426,0,0,2.66142076,0.37639688,2.11448878559828,0.557,0.44299999999999995,NS,NS,NS
427,0,0,5.509691715,1.31945093,3.398694671145516,0.541,0.45899999999999996,NS,NS,NS
428,0,0,2.143497961,1.14069987,0.9363180284286845,0.382,0.382,NS,NS,NS
429,0,0,1.10386536,0.38734467,0.47118390002752836,0.218,0.218,NS,NS,NS
430,0,0,1.193808203,1.75464664,0.9099742422526735,0.392,0.392,NS,NS,NS
431,0,0,1.050430015,1.06200826,0.3857297154936154,0.275,0.275,NS,NS,NS
432,0,0,4.305461669,1.22938254,2.1808607933751194,0.464,0.464,NS,NS,NS
433,0,0,0.49496123,1.5714687,1.128471357228551,0.572,0.42800000000000005,NS,NS,NS
434,0,0,0.286993562,0.42931148,0.5521849901470511,0.315,0.315,NS,NS,NS
435,0,0,0.526861729,5.04940361,5.446620954312673,0.717,0.28300000000000003,NS,NS,NS
436,0,0,0.345157255,4.85092524,5.593506235721413,0.702,0.29800000000000004,NS,NS,NS
437,0,0,0.915780755,0.78755645,0.5695974742361487,0.626,0.374,NS,NS,NS
